{"cameraMode":{"drawMode":0,"name":"Shaded","section":"Shading Mode"},"sceneLighting":false,"audioPlay":false,"sceneViewState":{"showFog":true,"showMaterialUpdate":false,"showSkybox":false,"showFlares":true,"showImageEffects":true,"showParticleSystems":true},"in2DMode":false,"pivot":{"x":0.2448691725730896,"y":0.2491505742073059,"z":0.15161973237991334},"rotation":{"x":0.1823500543832779,"y":0.3531375825405121,"z":-0.07018814235925675,"w":0.9151022434234619},"size":0.7978940606117249,"orthographic":false}