{"cameraMode":{"drawMode":0,"name":"Shaded","section":"Shading Mode"},"sceneLighting":true,"audioPlay":false,"sceneViewState":{"showFog":true,"showMaterialUpdate":false,"showSkybox":false,"showFlares":true,"showImageEffects":true,"showParticleSystems":true},"in2DMode":false,"pivot":{"x":-0.32744336128234866,"y":-5.752337455749512,"z":9.783414840698243},"rotation":{"x":0.29425323009490969,"y":0.0008290694677270949,"z":0.0001000374904833734,"w":0.9558893442153931},"size":7.274612903594971,"orthographic":false}