{"cameraMode":{"drawMode":0,"name":"Shaded","section":"Shading Mode"},"sceneLighting":true,"audioPlay":false,"sceneViewState":{"showFog":true,"showMaterialUpdate":false,"showSkybox":false,"showFlares":true,"showImageEffects":true,"showParticleSystems":true},"in2DMode":false,"pivot":{"x":4.335995197296143,"y":-0.4715980291366577,"z":-0.2675333321094513},"rotation":{"x":-0.15430963039398194,"y":-0.7340202331542969,"z":0.17720726132392884,"w":-0.6376307010650635},"size":2.965069055557251,"orthographic":false}