{"cameraMode":{"drawMode":0,"name":"Shaded","section":"Shading Mode"},"sceneLighting":false,"audioPlay":false,"sceneViewState":{"showFog":true,"showMaterialUpdate":false,"showSkybox":false,"showFlares":true,"showImageEffects":true,"showParticleSystems":true},"in2DMode":false,"pivot":{"x":-0.002843201160430908,"y":0.7240716814994812,"z":0.08626151084899903},"rotation":{"x":0.27273041009902956,"y":0.17036281526088715,"z":-0.048585690557956699,"w":0.9458957314491272},"size":0.805192768573761,"orthographic":false}