{"cameraMode":{"drawMode":0,"name":"Shaded","section":"Shading Mode"},"sceneLighting":true,"audioPlay":false,"sceneViewState":{"showFog":true,"showMaterialUpdate":false,"showSkybox":true,"showFlares":true,"showImageEffects":true,"showParticleSystems":true},"in2DMode":false,"pivot":{"x":-0.009942316450178624,"y":3.3505373001098635,"z":-4.170279502868652},"rotation":{"x":0.1895189881324768,"y":-0.0017821996007114649,"z":0.00106521334964782,"w":0.9821287393569946},"size":2.5978026390075685,"orthographic":false}