{"cameraMode":{"drawMode":0,"name":"Shaded","section":"Shading Mode"},"sceneLighting":false,"audioPlay":false,"sceneViewState":{"showFog":true,"showMaterialUpdate":false,"showSkybox":false,"showFlares":true,"showImageEffects":true,"showParticleSystems":true},"in2DMode":false,"pivot":{"x":-1.0805085897445679,"y":-0.5003297328948975,"z":3.0107622146606447},"rotation":{"x":-0.2611527144908905,"y":0.09919045865535736,"z":-0.0273374542593956,"w":-0.9600623846054077},"size":2.9659271240234377,"orthographic":false}