{"cameraMode":{"drawMode":0,"name":"Shaded","section":"Shading Mode"},"sceneLighting":true,"audioPlay":false,"sceneViewState":{"showFog":true,"showMaterialUpdate":false,"showSkybox":false,"showFlares":true,"showImageEffects":true,"showParticleSystems":true},"in2DMode":false,"pivot":{"x":-0.03131713345646858,"y":0.28890323638916018,"z":2.3272364139556886},"rotation":{"x":0.2421242892742157,"y":0.03314065560698509,"z":-0.007852064445614815,"w":0.9698940515518189},"size":2.965069055557251,"orthographic":false}