{"cameraMode":{"drawMode":0,"name":"Shaded","section":"Shading Mode"},"sceneLighting":false,"audioPlay":false,"sceneViewState":{"showFog":true,"showMaterialUpdate":false,"showSkybox":false,"showFlares":true,"showImageEffects":true,"showParticleSystems":true},"in2DMode":false,"pivot":{"x":-0.01201719045639038,"y":1.1450001001358033,"z":-0.00651097297668457},"rotation":{"x":-0.2448960393667221,"y":0.3063599169254303,"z":-0.08178640156984329,"w":-0.9163306355476379},"size":2.9659271240234377,"orthographic":false}