{"cameraMode":{"drawMode":0,"name":"Shaded","section":"Shading Mode"},"sceneLighting":true,"audioPlay":false,"sceneViewState":{"showFog":true,"showMaterialUpdate":false,"showSkybox":false,"showFlares":true,"showImageEffects":true,"showParticleSystems":true},"in2DMode":false,"pivot":{"x":2.450265884399414,"y":-1.0916001796722413,"z":4.496832370758057},"rotation":{"x":0.3169001638889313,"y":0.2010992020368576,"z":-0.0686037689447403,"w":0.9246152639389038},"size":2.9659271240234377,"orthographic":false}