{"cameraMode":{"drawMode":0,"name":"Shaded","section":"Shading Mode"},"sceneLighting":true,"audioPlay":false,"sceneViewState":{"showFog":true,"showMaterialUpdate":false,"showSkybox":true,"showFlares":true,"showImageEffects":true,"showParticleSystems":true},"in2DMode":false,"pivot":{"x":0.12004123628139496,"y":0.011531342752277851,"z":1.6125462055206299},"rotation":{"x":0.23257099092006684,"y":-0.08482353389263153,"z":0.020900800824165345,"w":0.9688990712165833},"size":2.5978026390075685,"orthographic":false}