{"cameraMode":{"drawMode":0,"name":"Shaded","section":"Shading Mode"},"sceneLighting":false,"audioPlay":false,"sceneViewState":{"showFog":true,"showMaterialUpdate":false,"showSkybox":false,"showFlares":true,"showImageEffects":true,"showParticleSystems":true},"in2DMode":false,"pivot":{"x":-0.2765043079853058,"y":0.8529424071311951,"z":-0.7390099763870239},"rotation":{"x":0.15573933720588685,"y":0.2629416286945343,"z":-0.04255741834640503,"w":0.9514216780662537},"size":0.7361730933189392,"orthographic":false}