{"cameraMode":{"drawMode":0,"name":"Shaded","section":"Shading Mode"},"sceneLighting":false,"audioPlay":false,"sceneViewState":{"showFog":true,"showMaterialUpdate":false,"showSkybox":false,"showFlares":true,"showImageEffects":true,"showParticleSystems":true},"in2DMode":false,"pivot":{"x":0.3812529444694519,"y":0.9047888517379761,"z":0.030025186017155649},"rotation":{"x":-0.2956858277320862,"y":0.01236124150454998,"z":-0.004189575556665659,"w":-0.9554616212844849},"size":2.965069055557251,"orthographic":false}